,LoanID,StringID,Product,CustomerGender,Location,Region,TotalPrice
0,1,id_1,Product B,Male,Location 2,Region 2,16600.0
1,2,id_2,Product B,Male,Location 3,,16600.0
2,3,id_3,Product C,Female,Location 5,Region 5,15600.0
3,4,id_4,Product B,Male,Location 6,Region 1,16600.0
4,5,id_5,Product D,Female,Location 7,Region 2,20250.0
5,6,id_6,Product B,Female,Location 10,Region 2,
6,7,id_7,Product A,Male,Location 11,Region 3,20250.0
7,8,id_8,Product B,Male,Location 12,Region 6,16600.0
8,9,id_9,Product A,Female,Location 3,Region 3,22250.0
9,10,id_10,Product A,Female,Location 13,Region 6,20250.0
10,11,id_11,Product B,Female,Location 15,Region 2,16600.0
11,12,id_12,Product D,Female,Location 16,Region 1,20250.0
12,13,id_13,Product B,Male,Location 17,Region 3,16600.0
13,14,id_14,Product A,Male,Location 19,Region 2,20750.0
14,15,id_15,Product A,Female,Location 23,Region 4,22250.0
15,16,id_16,Product B,Male,Location 27,Region 2,16600.0
16,17,id_17,Product A,Male,Location 25,Region 3,22250.0
17,18,id_18,Product B,Female,Location 26,Region 3,16600.0
18,19,id_19,Product B,Male,Location 29,Region 1,16600.0
19,20,id_20,Product E,Male,Location 30,Region 2,54625.0
20,21,id_21,Product B,Male,Location 31,Region 4,16600.0
21,22,id_22,Product A,Male,Location 17,Region 3,22250.0
22,23,id_23,Product A,Male,Location 33,Region 3,19250.0
23,24,id_24,Product C,NotSpecified,Location 34,Region 1,15600.0
24,25,id_25,Product D,Female,Location 35,Region 6,20250.0
25,26,id_26,Product A,Male,Location 37,Region 4,22250.0
26,27,id_27,Product A,Female,Location 38,Region 3,19250.0
27,28,id_28,Product F,Female,Location 39,Region 6,69225.0
28,29,id_29,Product D,Female,Location 40,Region 6,20250.0
29,30,id_30,Product B,Male,Location 30,Region 2,16600.0
30,31,id_31,Product B,Male,Location 41,Region 1,16600.0
31,32,id_32,Product B,Male,Location 42,Region 4,16600.0
32,33,id_33,Product A,Female,Location 22,Region 6,19250.0
33,34,id_34,Product B,Male,Location 43,Region 3,16600.0
34,35,id_35,Product A,Female,Location 46,Region 2,19250.0
35,36,id_36,Product B,Female,Location 47,Region 7,16600.0
36,37,id_37,Product B,Male,Location 50,Region 1,16600.0
37,38,id_38,Product B,Male,Location 26,Region 3,16600.0
38,39,id_39,Product C,NotSpecified,Location 52,Region 6,15600.0
39,40,id_40,Product B,Female,Location 25,Region 3,16600.0
40,41,id_41,Product B,Male,Location 17,Region 3,16600.0
41,42,id_42,Product B,Female,Location 19,Region 2,16600.0
42,43,id_43,Product A,Male,Location 53,Region 6,19250.0
43,44,id_44,Product C,NotSpecified,Location 54,Region 4,15600.0
44,45,id_45,Product A,Male,Location 46,Region 2,19250.0
45,46,id_46,Product B,Male,Location 44,Region 1,16600.0
46,47,id_47,Product B,Male,Location 39,Region 6,16600.0
47,48,id_48,Product B,Male,Location 30,Region 2,16600.0
48,49,id_49,Product D,Male,Location 56,Region 3,20250.0
49,50,id_50,Product A,Female,Location 44,Region 1,22250.0
50,51,id_51,Product B,Male,Location 57,Region 6,16600.0
51,52,id_52,Product A,Female,Location 39,Region 6,20250.0
52,53,id_53,Product D,Male,Location 59,Region 6,20250.0
53,54,id_54,Product B,Male,Location 44,Region 1,16600.0
54,55,id_55,Product B,Male,Location 60,Region 3,16600.0
55,56,id_56,Product B,Male,Location 29,Region 1,16600.0
56,57,id_57,Product B,Female,Location 44,Region 1,
57,58,id_58,Product B,Male,Location 61,Region 2,16600.0
58,59,id_59,Product B,Male,Location 62,Region 3,16600.0
59,60,id_60,Product B,Female,Location 6,Region 1,16600.0
60,61,id_61,Product A,Male,Location 23,Region 4,19250.0
61,62,id_62,Product C,NotSpecified,Location 64,Region 6,15600.0
62,63,id_63,Product C,Female,Location 65,Region 2,15600.0
63,64,id_64,Product D,Male,Location 66,Region 2,20250.0
64,65,id_65,Product B,Male,Location 23,Region 4,16600.0
65,66,id_66,Product A,Male,Location 19,Region 2,22250.0
66,67,id_67,Product A,Male,Location 50,Region 1,22250.0
67,68,id_68,Product D,Male,Location 68,Region 6,20250.0
68,69,id_69,Product A,Female,Location 61,Region 2,20250.0
69,70,id_70,Product B,Female,Location 10,Region 2,16600.0
70,71,id_71,Product C,Female,Location 64,Region 6,15600.0
71,72,id_72,Product B,Male,Location 70,Region 7,16600.0
72,73,id_73,Product B,Male,Location 72,Region 3,16600.0
73,74,id_74,Product A,Male,Location 40,Region 6,22250.0
74,75,id_75,Product A,Male,Location 20,Region 1,20750.0
75,76,id_76,Product A,Male,Location 73,Region 4,22250.0
76,77,id_77,Product A,Female,Location 20,Region 1,19250.0
77,78,id_78,Product D,Male,Location 75,Region 3,20250.0
78,79,id_79,Product D,Male,Location 76,Region 2,20250.0
79,80,id_80,Product D,Female,Location 77,Region 3,20250.0
80,81,id_81,Product A,Male,Location 2,Region 2,19250.0
81,82,id_82,Product B,Male,Location 4,Region 4,16600.0
82,83,id_83,Product A,Female,Location 78,Region 4,22250.0
83,84,id_84,Product D,Male,Location 79,Region 1,20250.0
84,85,id_85,Product B,Female,Location 80,Region 2,16600.0
85,86,id_86,Product A,Female,Location 25,Region 3,19250.0
86,87,id_87,Product A,Male,Location 11,Region 3,22250.0
87,88,id_88,Product B,Male,Location 81,Region 10,16600.0
88,89,id_89,Product A,Male,Location 82,Region 7,19250.0
89,90,id_90,Product B,Male,Location 32,Region 6,16600.0
90,91,id_91,Product A,Male,Location 84,Region 3,
91,92,id_92,Product D,Male,Location 34,Region 1,20250.0
92,93,id_93,Product B,Male,Location 87,Region 6,16600.0
93,94,id_94,Product B,Male,Location 17,Region 3,16600.0
94,95,id_95,Product A,Female,Location 49,Region 6,19250.0
95,96,id_96,Product B,Male,Location 53,Region 6,16600.0
96,97,id_97,Product B,Male,Location 2,Region 2,16600.0
97,98,id_98,Product A,Female,Location 47,Region 7,22250.0
98,99,id_99,Product A,Male,Location 89,Region 6,22250.0
99,100,id_100,Product B,Male,Location 90,Region 6,16600.0
100,101,id_101,Product B,Female,Location 22,Region 6,16600.0
101,102,id_102,Product A,Female,Location 22,Region 6,19250.0
102,103,id_103,Product B,Male,Location 91,Region 6,16600.0
103,104,id_104,Product A,Male,Location 25,Region 3,22250.0
104,105,id_105,Product A,Male,Location 62,Region 3,19250.0
105,106,id_106,Product B,Male,Location 94,Region 6,16600.0
106,107,id_107,Product B,Female,Location 38,Region 3,16600.0
107,108,id_108,Product A,Male,Location 42,Region 4,19250.0
108,109,id_109,Product B,Male,Location 6,Region 1,16600.0
109,110,id_110,Product A,Female,Location 3,Region 3,22250.0
110,111,id_111,Product B,Female,Location 97,Region 5,16600.0
111,112,id_112,Product C,NotSpecified,Location 98,Region 11,15600.0
112,113,id_113,Product B,Male,Location 18,Region 7,16600.0
113,114,id_114,Product D,Male,Location 86,Region 6,20250.0
114,115,id_115,Product B,Female,Location 13,Region 6,16600.0
115,116,id_116,Product A,Female,Location 25,Region 3,19250.0
116,117,id_117,Product A,Female,Location 6,Region 1,19250.0
117,118,id_118,Product A,Male,Location 94,Region 6,19250.0
118,119,id_119,Product C,NotSpecified,Location 101,Region 9,15600.0
119,120,id_120,Product A,Male,Location 87,Region 6,22250.0
120,121,id_121,Product A,Female,Location 9,Region 6,22250.0
121,122,id_122,Product B,Male,Location 73,Region 4,16600.0
122,123,id_123,Product D,Male,Location 102,Region 6,20250.0
123,124,id_124,Product B,Male,Location 23,Region 4,16600.0
124,125,id_125,Product B,Male,Location 10,Region 2,16600.0
125,126,id_126,Product A,Male,Location 26,Region 3,20750.0
126,127,id_127,Product A,Female,Location 87,Region 6,20250.0
127,128,id_128,Product B,Male,Location 61,Region 2,16600.0
128,129,id_129,Product B,Male,Location 11,Region 3,16600.0
129,130,id_130,Product B,Male,Location 25,Region 3,16600.0
130,131,id_131,Product C,Male,Location 27,Region 2,15600.0
131,132,id_132,Product B,Male,Location 84,Region 3,16600.0
132,133,id_133,Product C,NotSpecified,Location 105,Region 10,15600.0
133,134,id_134,Product A,Male,Location 88,Region 7,19250.0
134,135,id_135,Product D,Male,Location 106,Region 6,16600.0
135,136,id_136,Product B,Female,Location 39,Region 6,16600.0
136,137,id_137,Product D,Male,Location 41,Region 1,20250.0
137,138,id_138,Product A,Female,Location 21,Region 7,19250.0
138,139,id_139,Product C,Female,Location 107,Region 2,15600.0
139,140,id_140,Product B,Female,Location 53,Region 6,16600.0
140,141,id_141,Product B,Female,Location 49,Region 6,16600.0
141,142,id_142,Product B,Male,Location 82,Region 7,16600.0
142,143,id_143,Product C,NotSpecified,Location 110,Region 6,15600.0
143,144,id_144,Product B,Male,Location 111,Region 6,16600.0
144,145,id_145,Product C,NotSpecified,Location 112,Region 2,15600.0
145,146,id_146,Product A,Female,Location 60,Region 3,19250.0
146,147,id_147,Product A,Male,Location 2,Region 2,22250.0
147,148,id_148,Product A,Male,Location 111,Region 6,20250.0
148,149,id_149,Product A,Male,Location 19,Region 2,19250.0
149,150,id_150,Product A,Male,Location 4,Region 4,22250.0
150,151,id_151,Product B,Male,Location 113,Region 3,16600.0
151,152,id_152,Product A,Male,Location 20,Region 1,22250.0
152,153,id_153,Product E,Male,Location 10,Region 2,54625.0
153,154,id_154,Product E,Male,Location 53,Region 6,54625.0
154,155,id_155,Product B,Male,Location 84,Region 3,16600.0
155,156,id_156,Product A,Female,Location 10,Region 2,22250.0
156,157,id_157,Product A,Male,Location 39,Region 6,22250.0
157,158,id_158,Product A,Male,Location 114,Region 6,22250.0
158,159,id_159,Product A,Female,Location 60,Region 3,22250.0
159,160,id_160,Product C,NotSpecified,Location 115,Region 6,15600.0
160,161,id_161,Product A,Male,Location 26,Region 3,
161,162,id_162,Product B,Female,Location 117,Region 1,16600.0
162,163,id_163,Product A,Male,Location 25,Region 3,22250.0
163,164,id_164,Product D,Female,Location 118,Region 2,20250.0
164,165,id_165,Product A,Female,Location 61,Region 2,22250.0
165,166,id_166,Product B,Male,Location 19,Region 2,16600.0
166,167,id_167,Product A,Male,Location 70,Region 7,19250.0
167,168,id_168,Product A,Female,Location 3,Region 3,20250.0
168,169,id_169,Product B,Female,Location 27,Region 2,16600.0
169,170,id_170,Product D,Male,Location 122,Region 5,20250.0
170,171,id_171,Product B,Male,Location 39,Region 6,16600.0
171,172,id_172,Product B,Male,Location 123,Region 6,16600.0
172,173,id_173,Product D,Male,Location 124,Region 3,20250.0
173,174,id_174,Product A,Male,Location 86,Region 6,20250.0
174,175,id_175,Product B,Female,Location 25,Region 3,16600.0
175,176,id_176,Product A,Male,Location 22,Region 6,20250.0
176,177,id_177,Product A,Male,Location 49,Region 6,19250.0
177,178,id_178,Product B,Female,Location 34,Region 1,16600.0
178,179,id_179,Product A,Female,Location 113,Region 3,20750.0
179,180,id_180,Product D,Male,Location 125,Region 12,20250.0
180,181,id_181,Product A,Male,Location 58,Region 6,22250.0
181,182,id_182,Product B,Female,Location 62,Region 3,16600.0
182,183,id_183,Product A,Male,Location 26,Region 3,20250.0
183,184,id_184,Product D,Male,Location 127,Region 2,20250.0
184,185,id_185,Product B,Male,Location 21,Region 7,16600.0
185,186,id_186,Product A,Female,Location 22,Region 6,20250.0
186,187,id_187,Product A,Male,Location 46,Region 2,20750.0
187,188,id_188,Product B,Female,Location 49,Region 6,16600.0
188,189,id_189,Product B,Male,Location 48,Region 6,16600.0
189,190,id_190,Product A,Male,Location 86,Region 6,22250.0
190,191,id_191,Product A,Male,Location 18,Region 7,22250.0
191,192,id_192,Product A,Female,Location 30,Region 2,22250.0
192,193,id_193,Product B,Male,Location 49,Region 6,16600.0
193,194,id_194,Product E,Male,Location 84,Region 3,54625.0
194,195,id_195,Product B,Male,Location 35,Region 6,16600.0
195,196,id_196,Product A,Male,Location 53,Region 6,22250.0
196,197,id_197,Product B,Male,Location 73,Region 4,16600.0
197,198,id_198,Product D,Male,Location 135,Region 1,20250.0
198,199,id_199,Product A,Female,Location 60,Region 3,22250.0
199,200,id_200,Product C,Male,Location 136,Region 6,15600.0
200,201,id_201,Product D,Male,Location 24,Region 2,20250.0
201,202,id_202,Product B,Male,Location 137,Region 6,16600.0
202,203,id_203,Product E,Male,Location 73,Region 4,54625.0
203,204,id_204,Product B,Female,Location 28,Region 7,16600.0
204,205,id_205,Product B,Female,Location 58,Region 6,16600.0
205,206,id_206,Product A,Male,Location 111,Region 6,22250.0
206,207,id_207,Product A,Female,Location 44,Region 1,19250.0
207,208,id_208,Product A,Male,Location 47,Region 7,19250.0
208,209,id_209,Product A,Male,Location 21,Region 7,19250.0
209,210,id_210,Product A,Female,Location 11,Region 3,22250.0
210,211,id_211,Product C,Male,Location 138,Region 5,15600.0
211,212,id_212,Product A,Female,Location 11,Region 3,22250.0
212,213,id_213,Product C,NotSpecified,Location 139,Region 6,15600.0
213,214,id_214,Product B,Female,Location 73,Region 4,16600.0
214,215,id_215,Product A,Female,Location 32,Region 6,22250.0
215,216,id_216,Product A,Male,Location 22,Region 6,22250.0
216,217,id_217,Product B,Male,Location 140,Region 6,16600.0
217,218,id_218,Product A,Male,Location 9,Region 6,20750.0
218,219,id_219,Product A,Male,Location 3,Region 3,19250.0
219,220,id_220,Product B,Male,Location 67,Region 1,16600.0
220,221,id_221,Product B,Male,Location 141,Region 12,
221,222,id_222,Product B,Female,Location 17,Region 3,16600.0
222,223,id_223,Product A,Male,Location 142,Region 6,22250.0
223,224,id_224,Product A,Female,Location 45,Region 3,19250.0
224,225,id_225,Product B,Male,Location 23,Region 4,16600.0
225,226,id_226,Product B,Male,Location 6,Region 1,16600.0
226,227,id_227,Product A,Male,Location 19,Region 2,19250.0
227,228,id_228,Product A,Male,Location 48,Region 6,19250.0
228,229,id_229,Product B,Male,Location 8,Region 2,16600.0
229,230,id_230,Product D,Male,Location 143,Region 6,20250.0
230,231,id_231,Product A,Female,Location 44,Region 1,22250.0
231,232,id_232,Product C,Male,Location 145,Region 4,15600.0
232,233,id_233,Product B,Male,Location 21,Region 7,16600.0
233,234,id_234,Product B,Male,Location 62,Region 3,16600.0
234,235,id_235,Product E,Male,Location 1,Region 1,54625.0
235,236,id_236,Product A,Male,Location 62,Region 3,19250.0
236,237,id_237,Product A,Female,Location 18,Region 7,22250.0
237,238,id_238,Product B,Female,Location 6,Region 1,16600.0
238,239,id_239,Product A,Male,Location 91,Region 6,22250.0
239,240,id_240,Product A,Female,Location 25,Region 3,19250.0
240,241,id_241,Product A,Female,Location 17,Region 3,19250.0
241,242,id_242,Product A,Female,Location 22,Region 6,20750.0
242,243,id_243,Product A,Female,Location 29,Region 1,20750.0
243,244,id_244,Product B,Male,Location 91,Region 6,16600.0
244,245,id_245,Product B,Female,Location 25,Region 3,16600.0
245,246,id_246,Product A,Male,Location 149,Region 1,22250.0
246,247,id_247,Product B,Male,Location 9,Region 6,16600.0
247,248,id_248,Product B,Male,Location 3,Region 3,16600.0
248,249,id_249,Product B,Male,Location 21,Region 7,16600.0
249,250,id_250,Product B,Female,Location 44,Region 1,16600.0
250,251,id_251,Product C,Female,Location 152,Region 6,15600.0
251,252,id_252,Product A,Male,Location 58,Region 6,19250.0
252,253,id_253,Product D,Male,Location 153,Region 6,20250.0
253,254,id_254,Product A,Female,Location 22,Region 6,22250.0
254,255,id_255,Product A,Female,Location 3,Region 3,19250.0
255,256,id_256,Product A,Female,Location 3,Region 3,22250.0
256,257,id_257,Product A,Male,Location 6,Region 1,22250.0
257,258,id_258,Product A,Female,Location 45,Region 3,22250.0
258,259,id_259,Product B,Male,Location 155,Region 6,16600.0
259,260,id_260,Product D,Female,Location 156,Region 4,20250.0
260,261,id_261,Product B,Male,Location 135,Region 1,16600.0
261,262,id_262,Product B,Female,Location 84,Region 3,16600.0
262,263,id_263,Product B,Female,Location 40,Region 6,16600.0
263,264,id_264,Product A,Female,Location 62,Region 3,19250.0
264,265,id_265,Product B,Female,Location 45,Region 3,16600.0
265,266,id_266,Product B,Female,Location 157,Region 4,16600.0
266,267,id_267,Product C,NotSpecified,Location 158,Region 3,15600.0
267,268,id_268,Product B,Male,Location 13,Region 6,16600.0
268,269,id_269,Product A,Male,Location 39,Region 6,22250.0
269,270,id_270,Product A,Female,Location 17,Region 3,19250.0
270,271,id_271,Product A,Female,Location 67,Region 1,
271,272,id_272,Product A,Female,Location 26,Region 3,22250.0
272,273,id_273,Product C,NotSpecified,Location 159,Region 3,15600.0
273,274,id_274,Product C,Female,Location 160,Region 8,15600.0
274,275,id_275,Product B,Male,Location 144,Region 1,16600.0
275,276,id_276,Product A,Male,Location 91,Region 6,19250.0
276,277,id_277,Product B,Male,Location 70,Region 7,16600.0
277,278,id_278,Product E,Male,Location 26,Region 3,54625.0
278,279,id_279,Product B,Female,Location 30,Region 2,16600.0
279,280,id_280,Product B,Male,Location 73,Region 4,16600.0
280,281,id_281,Product B,Female,Location 10,Region 2,16600.0
281,282,id_282,Product A,Male,Location 38,Region 3,19250.0
282,283,id_283,Product A,Male,Location 3,Region 3,22250.0
283,284,id_284,Product A,Male,Location 109,Region 7,22250.0
284,285,id_285,Product B,Female,Location 4,Region 4,16600.0
285,286,id_286,Product A,Female,Location 86,Region 6,19250.0
286,287,id_287,Product A,Female,Location 25,Region 3,19250.0
287,288,id_288,Product C,NotSpecified,Location 166,Region 3,15600.0
288,289,id_289,Product E,Female,Location 88,Region 7,54625.0
289,290,id_290,Product B,Male,Location 50,Region 1,16600.0
290,291,id_291,Product B,Male,Location 88,Region 7,16600.0
291,292,id_292,Product C,NotSpecified,Location 34,Region 1,15600.0
292,293,id_293,Product D,Male,Location 168,Region 5,20250.0
293,294,id_294,Product A,Male,Location 42,Region 4,19250.0
294,295,id_295,Product A,Female,Location 70,Region 7,19250.0
295,296,id_296,Product C,NotSpecified,Location 74,Region 6,15600.0
296,297,id_297,Product C,NotSpecified,Location 143,Region 6,15600.0
297,298,id_298,Product A,Female,Location 29,Region 1,19250.0
298,299,id_299,Product B,Male,Location 46,Region 2,16600.0
299,300,id_300,Product D,Female,Location 79,Region 1,20250.0
300,301,id_301,Product A,Male,Location 17,Region 3,20750.0
301,302,id_302,Product B,Female,Location 9,Region 6,16600.0
302,303,id_303,Product B,Male,Location 169,Region 6,16600.0
303,304,id_304,Product B,Male,Location 62,Region 3,16600.0
304,305,id_305,Product A,Male,Location 61,Region 2,22250.0
305,306,id_306,Product B,Male,Location 91,Region 6,16600.0
306,307,id_307,Product A,Male,Location 23,Region 4,22250.0
307,308,id_308,Product A,Male,Location 32,Region 6,20250.0
308,309,id_309,Product B,Female,Location 23,Region 4,16600.0
309,310,id_310,Product A,Female,Location 84,Region 3,19250.0
310,311,id_311,Product A,Male,Location 91,Region 6,22250.0
311,312,id_312,Product B,Female,Location 38,Region 3,16600.0
312,313,id_313,Product C,NotSpecified,Location 172,Region 6,15600.0
313,314,id_314,Product B,Male,Location 69,Region 6,16600.0
314,315,id_315,Product B,Female,Location 19,Region 2,16600.0
315,316,id_316,Product C,Female,Location 173,Region 4,15600.0
316,317,id_317,Product B,Male,Location 117,Region 1,16600.0
317,318,id_318,Product D,Male,Location 174,Region 2,20250.0
318,319,id_319,Product A,Male,Location 69,Region 6,19250.0
319,320,id_320,Product D,Female,Location 12,Region 6,20250.0
320,321,id_321,Product B,Male,Location 175,Region 8,16600.0
321,322,id_322,Product A,Male,Location 91,Region 6,22250.0
322,323,id_323,Product B,Female,Location 44,Region 1,16600.0
323,324,id_324,Product A,Male,Location 30,Region 2,22250.0
324,325,id_325,Product A,Male,Location 3,Region 3,22250.0
325,326,id_326,Product A,Female,Location 61,Region 2,19250.0
326,327,id_327,Product E,Male,Location 22,Region 6,54625.0
327,328,id_328,Product C,Female,Location 129,Region 13,13775.0
328,329,id_329,Product B,Female,Location 6,Region 1,16600.0
329,330,id_330,Product B,Female,Location 4,Region 4,16600.0
330,331,id_331,Product A,Male,Location 3,Region 3,
331,332,id_332,Product A,Male,Location 49,Region 6,20750.0
332,333,id_333,Product B,Female,Location 26,Region 3,16600.0
333,334,id_334,Product A,Female,Location 26,Region 3,19250.0
334,335,id_335,Product A,Male,Location 111,Region 6,22250.0
335,336,id_336,Product A,Male,Location 62,Region 3,20250.0
336,337,id_337,Product A,Female,Location 22,Region 6,22250.0
337,338,id_338,Product A,Male,Location 46,Region 2,19250.0
338,339,id_339,Product B,Male,Location 45,Region 3,16600.0
339,340,id_340,Product C,NotSpecified,Location 178,Region 2,15600.0
340,341,id_341,Product A,Male,Location 111,Region 6,20250.0
341,342,id_342,Product A,Male,Location 70,Region 7,22250.0
342,343,id_343,Product A,Male,Location 58,Region 6,22250.0
343,344,id_344,Product B,Male,Location 25,Region 3,16600.0
344,345,id_345,Product A,Female,Location 25,Region 3,22250.0
345,346,id_346,Product D,Male,Location 30,Region 2,20250.0
346,347,id_347,Product B,Male,Location 58,Region 6,16600.0
347,348,id_348,Product A,Female,Location 49,Region 6,22250.0
348,349,id_349,Product A,Female,Location 91,Region 6,19250.0
349,350,id_350,Product B,Female,Location 24,Region 2,16600.0
350,351,id_351,Product B,Male,Location 39,Region 6,16600.0
351,352,id_352,Product C,Male,Location 181,Region 6,15600.0
352,353,id_353,Product A,Male,Location 6,Region 1,19250.0
353,354,id_354,Product B,Male,Location 10,Region 2,16600.0
354,355,id_355,Product A,Male,Location 94,Region 6,20250.0
355,356,id_356,Product B,Female,Location 60,Region 3,16600.0
356,357,id_357,Product A,Male,Location 91,Region 6,22250.0
357,358,id_358,Product B,Female,Location 17,Region 3,16600.0
358,359,id_359,Product C,Male,Location 182,Region 6,15600.0
359,360,id_360,Product A,Male,Location 9,Region 6,20250.0
360,361,id_361,Product A,Male,Location 88,Region 7,22250.0
361,362,id_362,Product D,Male,Location 53,Region 6,20250.0
362,363,id_363,Product B,Female,Location 73,Region 4,16600.0
363,364,id_364,Product A,Male,Location 53,Region 6,22250.0
364,365,id_365,Product B,Female,Location 8,Region 2,16600.0
365,366,id_366,Product B,Male,Location 46,Region 2,16600.0
366,367,id_367,Product B,Female,Location 19,Region 2,16600.0
367,368,id_368,Product D,Male,Location 184,Region 6,20250.0
368,369,id_369,Product B,Male,Location 27,Region 2,16600.0
369,370,id_370,Product B,Female,Location 185,Region 6,16600.0
370,371,id_371,Product B,Female,Location 53,Region 6,16600.0
371,372,id_372,Product A,Male,Location 186,Region 14,19250.0
372,373,id_373,Product D,Female,Location 187,Region 2,20250.0
373,374,id_374,Product B,Male,Location 30,Region 2,16600.0
374,375,id_375,Product B,Female,Location 21,Region 7,16600.0
375,376,id_376,Product A,Male,Location 149,Region 1,22250.0
376,377,id_377,Product A,Female,Location 46,Region 2,19250.0
377,378,id_378,Product A,Female,Location 61,Region 2,22250.0
378,379,id_379,Product B,Male,Location 30,Region 2,16600.0
379,380,id_380,Product A,Female,Location 3,Region 3,19250.0
380,381,id_381,Product A,Male,Location 33,Region 3,
381,382,id_382,Product A,Male,Location 37,Region 4,20250.0
382,383,id_383,Product A,Male,Location 3,Region 3,20750.0
383,384,id_384,Product B,Male,Location 105,Region 10,16600.0
384,385,id_385,Product B,Female,Location 97,Region 5,16600.0
385,386,id_386,Product B,Male,Location 140,Region 6,16600.0
386,387,id_387,Product B,Male,Location 146,Region 6,16600.0
387,388,id_388,Product A,Female,Location 113,Region 3,20250.0
388,389,id_389,Product B,Male,Location 6,Region 1,16600.0
389,390,id_390,Product A,Male,Location 192,Region 6,22250.0
390,391,id_391,Product C,Female,Location 193,Region 6,15600.0
391,392,id_392,Product B,Male,Location 49,Region 6,16600.0
392,393,id_393,Product B,Female,Location 3,Region 3,16600.0
393,394,id_394,Product C,NotSpecified,Location 194,Region 4,15600.0
394,395,id_395,Product B,Female,Location 30,Region 2,16600.0
395,396,id_396,Product C,Female,Location 195,Region 5,15600.0
396,397,id_397,Product A,Male,Location 57,Region 6,19250.0
397,398,id_398,Product A,Male,Location 29,Region 1,20250.0
398,399,id_399,Product B,Male,Location 73,Region 4,16600.0
399,400,id_400,Product B,Male,Location 53,Region 6,16600.0
400,401,id_401,Product B,Male,Location 60,Region 3,16600.0
401,402,id_402,Product B,Female,Location 18,Region 7,16600.0
402,403,id_403,Product C,Male,Location 118,Region 2,15600.0
403,404,id_404,Product B,Male,Location 196,Region 2,16600.0
404,405,id_405,Product A,Female,Location 20,Region 1,19250.0
405,406,id_406,Product B,Female,Location 197,Region 5,16600.0
406,407,id_407,Product D,Male,Location 198,Region 3,20250.0
407,408,id_408,Product A,Male,Location 62,Region 3,20250.0
408,409,id_409,Product F,Male,Location 39,Region 6,69225.0
409,410,id_410,Product C,Male,Location 199,Region 2,15600.0
410,411,id_411,Product B,Male,Location 58,Region 6,16600.0
411,412,id_412,Product B,Male,Location 87,Region 6,16600.0
412,413,id_413,Product B,Male,Location 135,Region 1,16600.0
413,414,id_414,Product C,Female,Location 200,Region 6,15600.0
414,415,id_415,Product A,Male,Location 8,Region 2,22250.0
415,416,id_416,Product A,Female,Location 86,Region 6,22250.0
416,417,id_417,Product A,Male,Location 48,Region 6,19250.0
417,418,id_418,Product A,Male,Location 86,Region 6,22250.0
418,419,id_419,Product B,Male,Location 62,Region 3,16600.0
419,420,id_420,Product D,Male,Location 104,Region 7,20250.0
420,421,id_421,Product E,Male,Location 44,Region 1,54625.0
421,422,id_422,Product B,Female,Location 95,Region 6,16600.0
422,423,id_423,Product D,Male,Location 201,Region 3,20250.0
423,424,id_424,Product B,Male,Location 4,Region 4,16600.0
424,425,id_425,Product A,Male,Location 25,Region 3,19250.0
425,426,id_426,Product C,NotSpecified,Location 203,Region 6,15600.0
426,427,id_427,Product A,Male,Location 9,Region 6,19250.0
427,428,id_428,Product B,Male,Location 204,Region 2,16600.0
428,429,id_429,Product B,Male,Location 206,Region 1,16600.0
429,430,id_430,Product A,Male,Location 114,Region 6,19250.0
430,431,id_431,Product A,Male,Location 61,Region 2,
431,432,id_432,Product A,Male,Location 82,Region 7,22250.0
432,433,id_433,Product C,Male,Location 207,Region 13,13775.0
433,434,id_434,Product C,NotSpecified,Location 209,Region 2,15600.0
434,435,id_435,Product A,Female,Location 19,Region 2,22250.0
435,436,id_436,Product A,Male,Location 62,Region 3,19250.0
436,437,id_437,Product A,Male,Location 67,Region 1,22250.0
437,438,id_438,Product A,Male,Location 113,Region 3,20250.0
438,439,id_439,Product B,Female,Location 39,Region 6,16600.0
439,440,id_440,Product D,Male,Location 10,Region 2,20250.0
440,441,id_441,Product B,Male,Location 8,Region 2,16600.0
441,442,id_442,Product A,Female,Location 69,Region 6,22250.0
442,443,id_443,Product E,Female,Location 48,Region 6,54625.0
443,444,id_444,Product C,Male,Location 202,Region 13,13775.0
444,445,id_445,Product A,Male,Location 13,Region 6,22250.0
445,446,id_446,Product C,Male,Location 127,Region 2,15600.0
446,447,id_447,Product B,Male,Location 30,Region 2,16600.0
447,448,id_448,Product A,Female,Location 3,Region 3,20250.0
448,449,id_449,Product A,Male,Location 45,Region 3,19250.0
449,450,id_450,Product B,Male,Location 53,Region 6,16600.0
450,451,id_451,Product B,Female,Location 9,Region 6,16600.0
451,452,id_452,Product C,Female,Location 212,Region 9,15600.0
452,453,id_453,Product A,Female,Location 22,Region 6,20250.0
453,454,id_454,Product B,Female,Location 113,Region 3,16600.0
454,455,id_455,Product B,Male,Location 70,Region 7,16600.0
455,456,id_456,Product B,Female,Location 67,Region 1,16600.0
456,457,id_457,Product B,Male,Location 111,Region 6,16600.0
457,458,id_458,Product A,Male,Location 95,Region 6,22250.0
458,459,id_459,Product B,Male,Location 56,Region 3,16600.0
459,460,id_460,Product B,Female,Location 25,Region 3,16600.0
460,461,id_461,Product B,Male,Location 111,Region 6,16600.0
461,462,id_462,Product A,Female,Location 22,Region 6,22250.0
462,463,id_463,Product B,Male,Location 111,Region 6,16600.0
463,464,id_464,Product B,Female,Location 216,Region 1,16600.0
464,465,id_465,Product A,Male,Location 114,Region 6,19250.0
465,466,id_466,Product D,Male,Location 217,Region 5,20250.0
466,467,id_467,Product D,Male,Location 179,Region 6,20250.0
467,468,id_468,Product D,Female,Location 214,Region 15,20250.0
468,469,id_469,Product A,Female,Location 44,Region 1,20250.0
469,470,id_470,Product B,Male,Location 50,Region 1,16600.0
470,471,id_471,Product B,Male,Location 50,Region 1,
471,472,id_472,Product A,Male,Location 73,Region 4,20250.0
472,473,id_473,Product A,Male,Location 113,Region 3,19250.0
473,474,id_474,Product B,Male,Location 218,Region 2,16600.0
474,475,id_475,Product D,Male,Location 74,Region 6,20250.0
475,476,id_476,Product B,Male,Location 3,Region 3,16600.0
476,477,id_477,Product B,Female,Location 13,Region 6,16600.0
477,478,id_478,Product A,Male,Location 46,Region 2,19250.0
478,479,id_479,Product B,Male,Location 44,Region 1,16600.0
479,480,id_480,Product B,Female,Location 3,Region 3,16600.0
480,481,id_481,Product A,Male,Location 8,Region 2,22250.0
481,482,id_482,Product B,Male,Location 187,Region 2,16600.0
482,483,id_483,Product A,Male,Location 53,Region 6,19250.0
483,484,id_484,Product B,Male,Location 13,Region 6,16600.0
484,485,id_485,Product D,Male,Location 105,Region 10,20250.0
485,486,id_486,Product B,Male,Location 165,Region 2,16600.0
486,487,id_487,Product B,Male,Location 34,Region 1,16600.0
487,488,id_488,Product A,Female,Location 26,Region 3,19250.0
488,489,id_489,Product D,Female,Location 221,Region 6,16600.0
489,490,id_490,Product A,Male,Location 6,Region 1,19250.0
490,491,id_491,Product A,Male,Location 114,Region 6,20250.0
491,492,id_492,Product B,Male,Location 40,Region 6,16600.0
492,493,id_493,Product B,Female,Location 10,Region 2,16600.0
493,494,id_494,Product A,Female,Location 38,Region 3,19250.0
494,495,id_495,Product C,Female,Location 228,Region 2,15600.0
495,496,id_496,Product C,Male,Location 421,Region 6,15600.0
496,497,id_497,Product C,Female,Location 275,Region 6,15600.0
497,498,id_498,Product B,Male,Location 63,Region 6,16600.0
498,499,id_499,Product D,Female,Location 441,Region 3,20250.0
499,500,id_500,Product D,Male,Location 17,Region 3,20250.0
500,501,id_501,Product C,NotSpecified,Location 402,Region 6,15600.0
501,502,id_502,Product C,NotSpecified,Location 332,Region 6,15600.0
502,503,id_503,Product B,Female,Location 42,Region 4,16600.0
503,504,id_504,Product C,Male,Location 443,Region 3,15600.0
504,505,id_505,Product A,Male,Location 21,Region 7,22250.0
505,506,id_506,Product C,NotSpecified,Location 253,Region 6,15600.0
506,507,id_507,Product B,Male,Location 91,Region 6,16600.0
507,508,id_508,Product B,Male,Location 39,Region 6,16600.0
508,509,id_509,Product A,Male,Location 73,Region 4,22250.0
509,510,id_510,Product B,Male,Location 23,Region 4,16600.0
510,511,id_511,Product B,Female,Location 10,Region 2,16600.0
511,512,id_512,Product B,Male,Location 73,Region 4,16600.0
512,513,id_513,Product C,Female,Location 365,Region 5,15600.0
513,514,id_514,Product B,Female,Location 11,Region 3,16600.0
514,515,id_515,Product A,Female,Location 44,Region 1,22250.0
515,516,id_516,Product A,Male,Location 94,Region 6,22250.0
516,517,id_517,Product B,Male,Location 73,Region 4,16600.0
517,518,id_518,Product B,Male,Location 149,Region 1,16600.0
518,519,id_519,Product D,Male,Location 153,Region 6,20250.0
519,520,id_520,Product B,Male,Location 454,Region 2,16600.0
520,521,id_521,Product C,Male,Location 282,Region 3,
521,522,id_522,Product B,Male,Location 25,Region 3,16600.0
522,523,id_523,Product C,NotSpecified,Location 323,Region 7,15600.0
523,524,id_524,Product A,Male,Location 26,Region 3,22250.0
524,525,id_525,Product B,Male,Location 208,Region 6,16600.0
525,526,id_526,Product B,Male,Location 73,Region 4,16600.0
526,527,id_527,Product C,NotSpecified,Location 106,Region 6,15600.0
527,528,id_528,Product C,NotSpecified,Location 458,Region 8,15600.0
528,529,id_529,Product B,Female,Location 75,Region 3,16600.0
529,530,id_530,Product C,Female,Location 188,Region 6,15600.0
530,531,id_531,Product A,Male,Location 39,Region 6,22250.0
531,532,id_532,Product B,Male,Location 57,Region 6,16600.0
532,533,id_533,Product D,Male,Location 214,Region 15,20250.0
533,534,id_534,Product C,NotSpecified,Location 197,Region 5,15600.0
534,535,id_535,Product E,Male,Location 84,Region 3,54625.0
535,536,id_536,Product B,Male,Location 38,Region 3,16600.0
536,537,id_537,Product A,Female,Location 28,Region 7,22250.0
537,538,id_538,Product C,Male,Location 342,Region 9,15600.0
538,539,id_539,Product D,Female,Location 460,Region 8,20250.0
539,540,id_540,Product D,Male,Location 113,Region 3,20250.0
540,541,id_541,Product C,NotSpecified,Location 377,Region 6,15600.0
541,542,id_542,Product B,Female,Location 4,Region 4,16600.0
542,543,id_543,Product B,Male,Location 39,Region 6,16600.0
543,544,id_544,Product B,Male,Location 26,Region 3,16600.0
544,545,id_545,Product A,Male,Location 67,Region 1,22250.0
545,546,id_546,Product C,Male,Location 463,Region 1,15600.0
546,547,id_547,Product A,Male,Location 47,Region 7,22250.0
547,548,id_548,Product D,Male,Location 318,Region 2,20250.0
548,549,id_549,Product C,Male,Location 464,Region 6,15600.0
549,550,id_550,Product B,Male,Location 30,Region 2,16600.0
550,551,id_551,Product A,Female,Location 78,Region 4,22250.0
551,552,id_552,Product A,Male,Location 192,Region 6,22250.0
552,553,id_553,Product D,Female,Location 75,Region 3,20250.0
553,554,id_554,Product B,Male,Location 70,Region 7,16600.0
554,555,id_555,Product D,Male,Location 161,Region 3,20250.0
555,556,id_556,Product A,Male,Location 26,Region 3,22250.0
556,557,id_557,Product D,Male,Location 244,Region 17,20250.0
557,558,id_558,Product D,Male,Location 374,Region 2,20250.0
558,559,id_559,Product B,Male,Location 6,Region 1,16600.0
559,560,id_560,Product C,Male,Location 258,Region 1,15600.0
560,561,id_561,Product B,Male,Location 91,Region 6,16600.0
561,562,id_562,Product C,Male,Location 468,Region 6,15600.0
562,563,id_563,Product B,Male,Location 60,Region 3,16600.0
563,564,id_564,Product B,Female,Location 113,Region 3,16600.0
564,565,id_565,Product D,Male,Location 350,Region 6,20250.0
565,566,id_566,Product B,Male,Location 13,Region 6,16600.0
566,567,id_567,Product A,Male,Location 58,Region 6,22250.0
567,568,id_568,Product A,Male,Location 186,Region 14,22250.0
568,569,id_569,Product E,Female,Location 3,Region 3,54625.0
569,570,id_570,Product B,Female,Location 17,Region 3,16600.0
570,571,id_571,Product D,Female,Location 403,Region 1,
571,572,id_572,Product A,Male,Location 67,Region 1,22250.0
572,573,id_573,Product D,Male,Location 418,Region 2,20250.0
573,574,id_574,Product C,NotSpecified,Location 473,Region 6,15600.0
574,575,id_575,Product C,Female,Location 474,Region 2,15600.0
575,576,id_576,Product B,Male,Location 44,Region 1,16600.0
576,577,id_577,Product D,Female,Location 377,Region 6,20250.0
577,578,id_578,Product B,Female,Location 91,Region 6,16600.0
578,579,id_579,Product C,Female,Location 350,Region 6,15600.0
579,580,id_580,Product D,Male,Location 477,Region 6,20250.0
580,581,id_581,Product C,NotSpecified,Location 482,Region 6,15600.0
581,582,id_582,Product B,Female,Location 108,Region 6,16600.0
582,583,id_583,Product A,Male,Location 3,Region 3,22250.0
583,584,id_584,Product C,Male,Location 233,Region 1,15600.0
584,585,id_585,Product A,Female,Location 30,Region 2,22250.0
585,586,id_586,Product A,Male,Location 111,Region 6,22250.0
586,587,id_587,Product A,Female,Location 11,Region 3,19250.0
587,588,id_588,Product C,Male,Location 353,Region 6,15600.0
588,589,id_589,Product C,NotSpecified,Location 421,Region 6,15600.0
589,590,id_590,Product B,Female,Location 95,Region 6,16600.0
590,591,id_591,Product A,Female,Location 89,Region 6,19250.0
591,592,id_592,Product B,Female,Location 46,Region 2,16600.0
592,593,id_593,Product B,Female,Location 19,Region 2,16600.0
593,594,id_594,Product D,Male,Location 489,Region 6,20250.0
594,595,id_595,Product A,Male,Location 86,Region 6,22250.0
595,596,id_596,Product B,Female,Location 41,Region 1,16600.0
596,597,id_597,Product A,Female,Location 46,Region 2,19250.0
597,598,id_598,Product C,NotSpecified,Location 353,Region 6,15600.0
598,599,id_599,Product B,Male,Location 62,Region 3,16600.0
599,600,id_600,Product A,Male,Location 21,Region 7,22250.0
600,601,id_601,Product D,Male,Location 34,Region 1,20250.0
601,602,id_602,Product D,Male,Location 27,Region 2,20250.0
602,603,id_603,Product B,Male,Location 8,Region 2,16600.0
603,604,id_604,Product A,Male,Location 60,Region 3,19250.0
604,605,id_605,Product D,Male,Location 495,Region 12,20250.0
605,606,id_606,Product A,Male,Location 8,Region 2,20750.0
606,607,id_607,Product C,Female,Location 99,Region 3,15600.0
607,608,id_608,Product C,Male,Location 159,Region 3,15600.0
608,609,id_609,Product B,Female,Location 87,Region 6,16600.0
609,610,id_610,Product B,Male,Location 38,Region 3,16600.0
610,611,id_611,Product D,Female,Location 227,Region 1,20250.0
611,612,id_612,Product A,Male,Location 44,Region 1,22250.0
612,613,id_613,Product D,Female,Location 460,Region 8,20250.0
613,614,id_614,Product A,Female,Location 300,Region 14,19250.0
614,615,id_615,Product C,NotSpecified,Location 503,Region 6,15600.0
615,616,id_616,Product B,Male,Location 26,Region 3,16600.0
616,617,id_617,Product A,Male,Location 25,Region 3,22250.0
617,618,id_618,Product B,Male,Location 8,Region 2,16600.0
618,619,id_619,Product A,Female,Location 46,Region 2,19250.0
619,620,id_620,Product C,Female,Location 505,Region 7,15600.0
620,621,id_621,Product A,Male,Location 53,Region 6,
621,622,id_622,Product C,NotSpecified,Location 34,Region 1,15600.0
622,623,id_623,Product B,Male,Location 22,Region 6,16600.0
623,624,id_624,Product C,NotSpecified,Location 64,Region 6,15600.0
624,625,id_625,Product B,Female,Location 506,Region 18,16600.0
625,626,id_626,Product A,Male,Location 26,Region 3,22250.0
626,627,id_627,Product A,Male,Location 46,Region 2,22250.0
627,628,id_628,Product B,Male,Location 61,Region 2,16600.0
628,629,id_629,Product C,NotSpecified,Location 350,Region 6,15600.0
629,630,id_630,Product D,Male,Location 282,Region 3,20250.0
630,631,id_631,Product B,Male,Location 135,Region 1,16600.0
631,632,id_632,Product B,Male,Location 30,Region 2,16600.0
632,633,id_633,Product B,Female,Location 94,Region 6,16600.0
633,634,id_634,Product A,Female,Location 91,Region 6,22250.0
634,635,id_635,Product B,Male,Location 25,Region 3,16600.0
635,636,id_636,Product A,Male,Location 30,Region 2,19250.0
636,637,id_637,Product B,Female,Location 94,Region 6,16600.0
637,638,id_638,Product B,Male,Location 88,Region 7,16600.0
638,639,id_639,Product C,NotSpecified,Location 218,Region 2,15600.0
639,640,id_640,Product C,NotSpecified,Location 59,Region 6,15600.0
640,641,id_641,Product B,Male,Location 61,Region 2,16600.0
641,642,id_642,Product B,Female,Location 73,Region 4,16600.0
642,643,id_643,Product D,Male,Location 352,Region 1,20250.0
643,644,id_644,Product D,Male,Location 510,Region 6,20250.0
644,645,id_645,Product D,Male,Location 210,Region 4,20250.0
645,646,id_646,Product B,Female,Location 188,Region 6,16600.0
646,647,id_647,Product D,Male,Location 511,Region 1,20250.0
647,648,id_648,Product B,Male,Location 512,Region 15,16600.0
648,649,id_649,Product D,Male,Location 323,Region 7,20250.0
649,650,id_650,Product B,Female,Location 8,Region 2,16600.0
650,651,id_651,Product B,Male,Location 3,Region 3,16600.0
651,652,id_652,Product C,Male,Location 515,Region 2,15600.0
652,653,id_653,Product B,Female,Location 48,Region 6,16600.0
653,654,id_654,Product D,Male,Location 27,Region 2,20250.0
654,655,id_655,Product B,Male,Location 10,Region 2,16600.0
655,656,id_656,Product B,Female,Location 113,Region 3,16600.0
656,657,id_657,Product A,Male,Location 67,Region 1,22250.0
657,658,id_658,Product D,Male,Location 34,Region 1,20250.0
658,659,id_659,Product B,Male,Location 73,Region 4,16600.0
659,660,id_660,Product B,Male,Location 46,Region 2,16600.0
660,661,id_661,Product B,Male,Location 44,Region 1,16600.0
661,662,id_662,Product D,Male,Location 25,Region 3,20250.0
662,663,id_663,Product B,Male,Location 79,Region 1,16600.0
663,664,id_664,Product C,NotSpecified,Location 200,Region 6,15600.0
664,665,id_665,Product A,Female,Location 192,Region 6,22250.0
665,666,id_666,Product C,NotSpecified,Location 226,Region 16,15600.0
666,667,id_667,Product C,NotSpecified,Location 464,Region 6,15600.0
667,668,id_668,Product A,Male,Location 149,Region 1,22250.0
668,669,id_669,Product B,Male,Location 208,Region 6,16600.0
669,670,id_670,Product C,Male,Location 384,Region 3,15600.0
670,671,id_671,Product B,Male,Location 29,Region 1,16600.0
671,672,id_672,Product B,Male,Location 111,Region 6,16600.0
672,673,id_673,Product B,Female,Location 25,Region 3,16600.0
673,674,id_674,Product B,Male,Location 45,Region 3,16600.0
674,675,id_675,Product B,Male,Location 108,Region 6,16600.0
675,676,id_676,Product D,Male,Location 259,Region 5,20250.0
676,677,id_677,Product C,Male,Location 218,Region 2,15600.0
677,678,id_678,Product B,Male,Location 69,Region 6,16600.0
678,679,id_679,Product B,Male,Location 32,Region 6,16600.0
679,680,id_680,Product C,NotSpecified,Location 160,Region 8,15600.0
680,681,id_681,Product A,Male,Location 70,Region 7,
681,682,id_682,Product A,Male,Location 4,Region 4,19250.0
682,683,id_683,Product A,Male,Location 94,Region 6,22250.0
683,684,id_684,Product B,Male,Location 529,Region 12,16600.0
684,685,id_685,Product B,Male,Location 69,Region 6,16600.0
685,686,id_686,Product B,Male,Location 70,Region 7,16600.0
686,687,id_687,Product A,Female,Location 84,Region 3,22250.0
687,688,id_688,Product A,Male,Location 57,Region 6,22250.0
688,689,id_689,Product C,Female,Location 533,Region 6,15600.0
689,690,id_690,Product B,Male,Location 30,Region 2,16600.0
690,691,id_691,Product C,Female,Location 104,Region 7,15600.0
691,692,id_692,Product C,NotSpecified,Location 180,Region 4,15600.0
692,693,id_693,Product A,Male,Location 26,Region 3,22250.0
693,694,id_694,Product B,Male,Location 11,Region 3,16600.0
694,695,id_695,Product B,Female,Location 145,Region 4,16600.0
695,696,id_696,Product B,Female,Location 97,Region 5,16600.0
696,697,id_697,Product C,Male,Location 52,Region 6,15600.0
697,698,id_698,Product B,Female,Location 18,Region 7,16600.0
698,699,id_699,Product C,Female,Location 161,Region 3,15600.0
699,700,id_700,Product D,Male,Location 541,Region 3,20250.0
700,701,id_701,Product B,Female,Location 472,Region 2,16600.0
701,702,id_702,Product C,NotSpecified,Location 543,Region 1,15600.0
702,703,id_703,Product B,Male,Location 61,Region 2,16600.0
703,704,id_704,Product A,Male,Location 2,Region 2,22250.0
704,705,id_705,Product D,Male,Location 353,Region 6,20250.0
705,706,id_706,Product B,Female,Location 25,Region 3,16600.0
706,707,id_707,Product B,Male,Location 37,Region 4,16600.0
707,708,id_708,Product B,Female,Location 296,Region 6,16600.0
708,709,id_709,Product C,NotSpecified,Location 515,Region 2,15600.0
709,710,id_710,Product D,Male,Location 547,Region 2,20250.0
710,711,id_711,Product D,Male,Location 548,Region 10,20250.0
711,712,id_712,Product B,Male,Location 171,Region 5,16600.0
712,713,id_713,Product A,Male,Location 37,Region 4,22250.0
713,714,id_714,Product A,Female,Location 49,Region 6,22250.0
714,715,id_715,Product C,Male,Location 468,Region 6,15600.0
715,716,id_716,Product C,NotSpecified,Location 427,Region 5,15600.0
716,717,id_717,Product D,Male,Location 57,Region 6,20250.0
717,718,id_718,Product B,Female,Location 9,Region 6,16600.0
718,719,id_719,Product A,Male,Location 47,Region 7,22250.0
719,720,id_720,Product A,Male,Location 3,Region 3,22250.0
720,721,id_721,Product E,Male,Location 26,Region 3,54625.0
721,722,id_722,Product A,Male,Location 53,Region 6,22250.0
722,723,id_723,Product A,Female,Location 82,Region 7,20750.0
723,724,id_724,Product B,Female,Location 37,Region 4,16600.0
724,725,id_725,Product C,Female,Location 554,Region 6,15600.0
725,726,id_726,Product C,Male,Location 528,Region 5,15600.0
726,727,id_727,Product B,Male,Location 9,Region 6,16600.0
727,728,id_728,Product B,Male,Location 113,Region 3,16600.0
728,729,id_729,Product B,Male,Location 45,Region 3,16600.0
729,730,id_730,Product B,Male,Location 87,Region 6,16600.0
730,731,id_731,Product D,Male,Location 410,Region 2,
731,732,id_732,Product B,Male,Location 114,Region 6,16600.0
732,733,id_733,Product D,Male,Location 122,Region 5,20250.0
733,734,id_734,Product B,Male,Location 6,Region 1,16600.0
734,735,id_735,Product C,NotSpecified,Location 266,Region 6,15600.0
735,736,id_736,Product B,Male,Location 350,Region 6,16600.0
736,737,id_737,Product D,Female,Location 23,Region 4,20250.0
737,738,id_738,Product A,Male,Location 40,Region 6,22250.0
738,739,id_739,Product A,Female,Location 26,Region 3,22250.0
739,740,id_740,Product C,NotSpecified,Location 34,Region 1,15600.0
740,741,id_741,Product D,Male,Location 144,Region 1,20250.0
741,742,id_742,Product D,Male,Location 86,Region 6,20250.0
742,743,id_743,Product C,NotSpecified,Location 145,Region 4,15600.0
743,744,id_744,Product D,Male,Location 26,Region 3,20250.0
744,745,id_745,Product B,Male,Location 22,Region 6,16600.0
745,746,id_746,Product C,Female,Location 315,Region 6,15600.0
746,747,id_747,Product A,Female,Location 45,Region 3,22250.0
747,748,id_748,Product A,Female,Location 19,Region 2,20750.0
748,749,id_749,Product D,Male,Location 128,Region 1,20250.0
749,750,id_750,Product B,Male,Location 91,Region 6,16600.0
750,751,id_751,Product D,Male,Location 61,Region 2,20250.0
751,752,id_752,Product C,NotSpecified,Location 336,Region 6,15600.0
752,753,id_753,Product C,NotSpecified,Location 34,Region 1,15600.0
753,754,id_754,Product A,Female,Location 87,Region 6,22250.0
754,755,id_755,Product A,Female,Location 30,Region 2,22250.0
755,756,id_756,Product B,Male,Location 37,Region 4,16600.0
756,757,id_757,Product B,Female,Location 32,Region 6,16600.0
757,758,id_758,Product A,Male,Location 111,Region 6,22250.0
758,759,id_759,Product B,Male,Location 13,Region 6,16600.0
759,760,id_760,Product B,Male,Location 23,Region 4,16600.0
760,761,id_761,Product B,Male,Location 28,Region 7,16600.0
761,762,id_762,Product A,Male,Location 87,Region 6,19250.0
762,763,id_763,Product B,Male,Location 84,Region 3,16600.0
763,764,id_764,Product A,Female,Location 38,Region 3,22250.0
764,765,id_765,Product A,Female,Location 142,Region 6,22250.0
765,766,id_766,Product D,Female,Location 566,Region 1,20250.0
766,767,id_767,Product B,Male,Location 30,Region 2,16600.0
767,768,id_768,Product A,Male,Location 91,Region 6,22250.0
768,769,id_769,Product D,Male,Location 353,Region 6,20250.0
769,770,id_770,Product A,Male,Location 142,Region 6,22250.0
770,771,id_771,Product B,Male,Location 62,Region 3,
771,772,id_772,Product B,Male,Location 87,Region 6,16600.0
772,773,id_773,Product A,Female,Location 48,Region 6,22250.0
773,774,id_774,Product A,Male,Location 87,Region 6,22250.0
774,775,id_775,Product B,Male,Location 145,Region 4,16600.0
775,776,id_776,Product D,Female,Location 296,Region 6,20250.0
776,777,id_777,Product B,Male,Location 13,Region 6,16600.0
777,778,id_778,Product C,NotSpecified,Location 569,Region 6,15600.0
778,779,id_779,Product B,Male,Location 19,Region 2,16600.0
779,780,id_780,Product B,Male,Location 3,Region 3,16600.0
780,781,id_781,Product A,Male,Location 44,Region 1,20750.0
781,782,id_782,Product D,Female,Location 3,Region 3,20250.0
782,783,id_783,Product C,Male,Location 34,Region 1,15600.0
783,784,id_784,Product A,Male,Location 22,Region 6,22250.0
784,785,id_785,Product B,Male,Location 13,Region 6,16600.0
785,786,id_786,Product C,Female,Location 573,Region 3,15600.0
786,787,id_787,Product B,Female,Location 30,Region 2,16600.0
787,788,id_788,Product D,Male,Location 233,Region 1,20250.0
788,789,id_789,Product B,Male,Location 574,Region 3,16600.0
789,790,id_790,Product B,Female,Location 30,Region 2,16600.0
790,791,id_791,Product C,NotSpecified,Location 59,Region 6,15600.0
791,792,id_792,Product C,NotSpecified,Location 579,Region 1,15600.0
792,793,id_793,Product A,Male,Location 39,Region 6,22250.0
793,794,id_794,Product D,Female,Location 267,Region 1,20250.0
794,795,id_795,Product B,Female,Location 25,Region 3,16600.0
795,796,id_796,Product C,Male,Location 188,Region 6,15600.0
796,797,id_797,Product B,Female,Location 49,Region 6,16600.0
797,798,id_798,Product B,Female,Location 30,Region 2,16600.0
798,799,id_799,Product D,Male,Location 120,Region 6,20250.0
799,800,id_800,Product B,Female,Location 222,Region 6,16600.0
800,801,id_801,Product A,Female,Location 84,Region 3,19250.0
801,802,id_802,Product D,Male,Location 140,Region 6,20250.0
802,803,id_803,Product A,Female,Location 142,Region 6,22250.0
803,804,id_804,Product B,Female,Location 113,Region 3,16600.0
804,805,id_805,Product D,Male,Location 53,Region 6,20250.0
805,806,id_806,Product A,Female,Location 89,Region 6,22250.0
806,807,id_807,Product B,Male,Location 53,Region 6,16600.0
807,808,id_808,Product D,Male,Location 158,Region 3,16600.0
808,809,id_809,Product B,Female,Location 23,Region 4,16600.0
809,810,id_810,Product C,NotSpecified,Location 461,Region 1,15600.0
810,811,id_811,Product B,Male,Location 62,Region 3,16600.0
811,812,id_812,Product B,Male,Location 587,Region 12,16600.0
812,813,id_813,Product D,Male,Location 579,Region 1,20250.0
813,814,id_814,Product D,Male,Location 589,Region 17,20250.0
814,815,id_815,Product B,Female,Location 25,Region 3,16600.0
815,816,id_816,Product C,Male,Location 591,Region 2,15600.0
816,817,id_817,Product C,Female,Location 129,Region 13,13775.0
817,818,id_818,Product C,Male,Location 233,Region 1,15600.0
818,819,id_819,Product D,Male,Location 210,Region 4,20250.0
819,820,id_820,Product B,Male,Location 135,Region 1,16600.0
820,821,id_821,Product D,Male,Location 146,Region 6,
821,822,id_822,Product A,Female,Location 47,Region 7,22250.0
822,823,id_823,Product B,Male,Location 58,Region 6,16600.0
823,824,id_824,Product D,Male,Location 144,Region 1,20250.0
824,825,id_825,Product C,Male,Location 191,Region 6,15600.0
825,826,id_826,Product C,Female,Location 597,Region 6,15600.0
826,827,id_827,Product A,Male,Location 58,Region 6,22250.0
827,828,id_828,Product A,Male,Location 25,Region 3,22250.0
828,829,id_829,Product B,Female,Location 30,Region 2,16600.0
829,830,id_830,Product B,Male,Location 3,Region 3,16600.0
830,831,id_831,Product D,Male,Location 71,Region 3,20250.0
831,832,id_832,Product D,Male,Location 34,Region 1,20250.0
832,833,id_833,Product B,Female,Location 47,Region 7,16600.0
833,834,id_834,Product B,Male,Location 19,Region 2,16600.0
834,835,id_835,Product A,Male,Location 89,Region 6,22250.0
835,836,id_836,Product C,Female,Location 431,Region 6,15600.0
836,837,id_837,Product A,Male,Location 94,Region 6,22250.0
837,838,id_838,Product B,Male,Location 73,Region 4,16600.0
838,839,id_839,Product C,NotSpecified,Location 600,Region 6,15600.0
839,840,id_840,Product D,Male,Location 266,Region 6,20250.0
840,841,id_841,Product D,Male,Location 418,Region 2,
841,842,id_842,Product B,Female,Location 6,Region 1,16600.0
842,843,id_843,Product D,NotSpecified,Location 11,Region 3,20250.0
843,844,id_844,Product D,Female,Location 602,Region 9,20250.0
844,845,id_845,Product D,Male,Location 34,Region 1,20250.0
845,846,id_846,Product B,Male,Location 48,Region 6,16600.0
846,847,id_847,Product A,Female,Location 91,Region 6,19250.0
847,848,id_848,Product C,Male,Location 27,Region 2,15600.0
848,849,id_849,Product C,NotSpecified,Location 34,Region 1,15600.0
849,850,id_850,Product C,NotSpecified,Location 350,Region 6,15600.0
850,851,id_851,Product B,Male,Location 94,Region 6,16600.0
851,852,id_852,Product D,Male,Location 386,Region 6,20250.0
852,853,id_853,Product A,Female,Location 87,Region 6,22250.0
853,854,id_854,Product D,Male,Location 547,Region 2,20250.0
854,855,id_855,Product C,Female,Location 253,Region 6,15600.0
855,856,id_856,Product C,NotSpecified,Location 59,Region 6,15600.0
856,857,id_857,Product A,Female,Location 111,Region 6,22250.0
857,858,id_858,Product C,Female,Location 286,Region 2,15600.0
858,859,id_859,Product B,Female,Location 13,Region 6,16600.0
859,860,id_860,Product B,Male,Location 315,Region 6,16600.0
860,861,id_861,Product A,Male,Location 48,Region 6,22250.0
861,862,id_862,Product A,Male,Location 4,Region 4,22250.0
862,863,id_863,Product B,Male,Location 49,Region 6,16600.0
863,864,id_864,Product A,Female,Location 78,Region 4,22250.0
864,865,id_865,Product B,Male,Location 26,Region 3,16600.0
865,866,id_866,Product B,Male,Location 30,Region 2,16600.0
866,867,id_867,Product D,Male,Location 227,Region 1,20250.0
867,868,id_868,Product B,Male,Location 19,Region 2,16600.0
868,869,id_869,Product A,Male,Location 4,Region 4,22250.0
869,870,id_870,Product B,Female,Location 94,Region 6,16600.0
870,871,id_871,Product A,Male,Location 84,Region 3,22250.0
871,872,id_872,Product C,NotSpecified,Location 151,Region 2,15600.0
872,873,id_873,Product B,Female,Location 19,Region 2,16600.0
873,874,id_874,Product B,Female,Location 161,Region 3,16600.0
874,875,id_875,Product B,Male,Location 69,Region 6,16600.0
875,876,id_876,Product C,Male,Location 450,Region 8,15600.0
876,877,id_877,Product D,Male,Location 19,Region 2,20250.0
877,878,id_878,Product A,Male,Location 61,Region 2,22250.0
878,879,id_879,Product C,Female,Location 151,Region 2,15600.0
879,880,id_880,Product B,Female,Location 11,Region 3,16600.0
880,881,id_881,Product A,Male,Location 22,Region 6,
881,882,id_882,Product B,Female,Location 12,Region 6,16600.0
882,883,id_883,Product C,Male,Location 104,Region 7,15600.0
883,884,id_884,Product C,Female,Location 612,Region 5,15600.0
884,885,id_885,Product B,Female,Location 2,Region 2,16600.0
885,886,id_886,Product B,Female,Location 46,Region 2,16600.0
886,887,id_887,Product D,Male,Location 350,Region 6,20250.0
887,888,id_888,Product C,NotSpecified,Location 336,Region 6,15600.0
888,889,id_889,Product D,Male,Location 218,Region 2,20250.0
889,890,id_890,Product B,Female,Location 10,Region 2,16600.0
890,891,id_891,Product B,Female,Location 113,Region 3,16600.0
891,892,id_892,Product B,Male,Location 61,Region 2,16600.0
892,893,id_893,Product A,Female,Location 25,Region 3,22250.0
893,894,id_894,Product D,Male,Location 144,Region 1,20250.0
894,895,id_895,Product A,Female,Location 8,Region 2,22250.0
895,896,id_896,Product B,Male,Location 8,Region 2,16600.0
896,897,id_897,Product A,Male,Location 17,Region 3,22250.0
897,898,id_898,Product B,Female,Location 25,Region 3,16600.0
898,899,id_899,Product A,Male,Location 91,Region 6,22250.0
899,900,id_900,Product D,Male,Location 586,Region 10,20250.0
900,901,id_901,Product A,Male,Location 95,Region 6,22250.0
901,902,id_902,Product A,Female,Location 10,Region 2,22250.0
902,903,id_903,Product A,Male,Location 30,Region 2,22250.0
903,904,id_904,Product D,Male,Location 239,Region 6,20250.0
904,905,id_905,Product A,Male,Location 25,Region 3,19250.0
905,906,id_906,Product B,Female,Location 111,Region 6,16600.0
906,907,id_907,Product B,Male,Location 30,Region 2,16600.0
907,908,id_908,Product A,Male,Location 46,Region 2,22250.0
908,909,id_909,Product C,NotSpecified,Location 127,Region 2,15600.0
909,910,id_910,Product A,Male,Location 22,Region 6,22250.0
910,911,id_911,Product D,Female,Location 41,Region 1,
911,912,id_912,Product C,NotSpecified,Location 357,Region 1,15600.0
912,913,id_913,Product E,Male,Location 89,Region 6,54625.0
913,914,id_914,Product D,Male,Location 132,Region 5,20250.0
914,915,id_915,Product C,NotSpecified,Location 627,Region 1,15600.0
915,916,id_916,Product A,Female,Location 17,Region 3,20250.0
916,917,id_917,Product A,Male,Location 8,Region 2,22250.0
917,918,id_918,Product B,Female,Location 62,Region 3,16600.0
918,919,id_919,Product D,Male,Location 631,Region 15,20250.0
919,920,id_920,Product A,Female,Location 44,Region 1,22250.0
920,921,id_921,Product C,NotSpecified,Location 632,Region 8,15600.0
921,922,id_922,Product D,Female,Location 6,Region 1,20250.0
922,923,id_923,Product B,Male,Location 9,Region 6,16600.0
923,924,id_924,Product D,Female,Location 350,Region 6,20250.0
924,925,id_925,Product B,Male,Location 11,Region 3,16600.0
925,926,id_926,Product C,NotSpecified,Location 259,Region 5,15600.0
926,927,id_927,Product D,Female,Location 634,Region 2,20250.0
927,928,id_928,Product A,Male,Location 45,Region 3,22250.0
928,929,id_929,Product B,Male,Location 46,Region 2,16600.0
929,930,id_930,Product B,Female,Location 88,Region 7,16600.0
930,931,id_931,Product B,Female,Location 4,Region 4,16600.0
931,932,id_932,Product D,Male,Location 214,Region 15,20250.0
932,933,id_933,Product B,Male,Location 13,Region 6,16600.0
933,934,id_934,Product D,Male,Location 377,Region 6,20250.0
934,935,id_935,Product A,Male,Location 1,Region 1,22250.0
935,936,id_936,Product B,Male,Location 45,Region 3,16600.0
936,937,id_937,Product A,Male,Location 38,Region 3,22250.0
937,938,id_938,Product C,Male,Location 637,Region 1,15600.0
938,939,id_939,Product B,Male,Location 21,Region 7,16600.0
939,940,id_940,Product A,Male,Location 88,Region 7,19250.0
940,941,id_941,Product B,Male,Location 302,Region 6,16600.0
941,942,id_942,Product D,Male,Location 602,Region 9,20250.0
942,943,id_943,Product D,Male,Location 364,Region 5,20250.0
943,944,id_944,Product B,Male,Location 25,Region 3,16600.0
944,945,id_945,Product B,Male,Location 91,Region 6,16600.0
945,946,id_946,Product B,Male,Location 62,Region 3,16600.0
946,947,id_947,Product B,Female,Location 25,Region 3,16600.0
947,948,id_948,Product B,Female,Location 405,Region 1,16600.0
948,949,id_949,Product B,Female,Location 26,Region 3,16600.0
949,950,id_950,Product A,Female,Location 6,Region 1,22250.0
950,951,id_951,Product B,Male,Location 19,Region 2,16600.0
951,952,id_952,Product B,Female,Location 11,Region 3,16600.0
952,953,id_953,Product A,Male,Location 6,Region 1,22250.0
953,954,id_954,Product E,Male,Location 6,Region 1,54625.0
954,955,id_955,Product B,Male,Location 8,Region 2,16600.0
955,956,id_956,Product C,NotSpecified,Location 34,Region 1,15600.0
956,957,id_957,Product A,Female,Location 22,Region 6,22250.0
957,958,id_958,Product C,NotSpecified,Location 74,Region 6,15600.0
958,959,id_959,Product B,Male,Location 25,Region 3,16600.0
959,960,id_960,Product B,Female,Location 11,Region 3,16600.0
960,961,id_961,Product D,Male,Location 641,Region 1,
961,962,id_962,Product B,Male,Location 61,Region 2,16600.0
962,963,id_963,Product A,Male,Location 2,Region 2,20250.0
963,964,id_964,Product B,Male,Location 642,Region 3,16600.0
964,965,id_965,Product B,Male,Location 63,Region 6,16600.0
965,966,id_966,Product A,Female,Location 94,Region 6,22250.0
966,967,id_967,Product B,Male,Location 84,Region 3,16600.0
967,968,id_968,Product B,Male,Location 75,Region 3,16600.0
968,969,id_969,Product D,Male,Location 644,Region 6,20250.0
969,970,id_970,Product D,Male,Location 377,Region 6,20250.0
970,971,id_971,Product C,NotSpecified,Location 266,Region 6,15600.0
971,972,id_972,Product C,NotSpecified,Location 262,Region 2,15600.0
972,973,id_973,Product A,Male,Location 61,Region 2,22250.0
973,974,id_974,Product A,Female,Location 22,Region 6,22250.0
974,975,id_975,Product B,Male,Location 13,Region 6,16600.0
975,976,id_976,Product C,NotSpecified,Location 647,Region 6,15600.0
976,977,id_977,Product D,Male,Location 299,Region 2,20250.0
977,978,id_978,Product C,NotSpecified,Location 240,Region 6,15600.0
978,979,id_979,Product E,Male,Location 22,Region 6,54625.0
979,980,id_980,Product D,Male,Location 648,Region 6,20250.0
980,981,id_981,Product B,Male,Location 63,Region 6,16600.0
981,982,id_982,Product D,Male,Location 576,Region 6,20250.0
982,983,id_983,Product B,Female,Location 113,Region 3,
983,984,id_984,Product D,Male,Location 350,Region 6,20250.0
984,985,id_985,Product B,Male,Location 11,Region 3,16600.0
985,986,id_986,Product B,Female,Location 94,Region 6,16600.0
986,987,id_987,Product B,Female,Location 26,Region 3,16600.0
987,988,id_988,Product B,Female,Location 23,Region 4,16600.0
988,989,id_989,Product D,Male,Location 17,Region 3,20250.0
989,990,id_990,Product B,Male,Location 39,Region 6,16600.0
990,991,id_991,Product B,Female,Location 197,Region 5,16600.0
991,992,id_992,Product B,Male,Location 651,Region 17,16600.0
992,993,id_993,Product C,NotSpecified,Location 177,Region 1,15600.0
993,994,id_994,Product C,NotSpecified,Location 421,Region 6,15600.0
994,995,id_995,Product B,Male,Location 66,Region 2,16600.0
995,996,id_996,Product C,NotSpecified,Location 66,Region 2,15600.0
996,997,id_997,Product A,Male,Location 9,Region 6,22250.0
997,998,id_998,Product B,Female,Location 88,Region 7,16600.0
998,999,id_999,Product B,Male,Location 325,Region 1,16600.0
999,1000,id_1000,Product B,Male,Location 22,Region 6,16600.0
1000,1001,id_1001,Product A,Male,Location 10,Region 2,22250.0
1001,1002,id_1002,Product C,Female,Location 653,Region 6,15600.0
1002,1003,id_1003,Product B,Male,Location 154,Region 2,16600.0
1003,1004,id_1004,Product C,NotSpecified,Location 218,Region 2,15600.0
1004,1005,id_1005,Product D,Male,Location 50,Region 1,20250.0
1005,1006,id_1006,Product B,Male,Location 39,Region 6,16600.0
1006,1007,id_1007,Product B,Male,Location 44,Region 1,16600.0
1007,1008,id_1008,Product B,Male,Location 62,Region 3,16600.0
1008,1009,id_1009,Product D,Male,Location 199,Region 2,20250.0
1009,1010,id_1010,Product D,Male,Location 1,Region 1,20250.0
1010,1011,id_1011,Product D,Female,Location 144,Region 1,20250.0
1011,1012,id_1012,Product D,Female,Location 399,Region 2,20250.0
1012,1013,id_1013,Product A,Female,Location 30,Region 2,22250.0
1013,1014,id_1014,Product C,NotSpecified,Location 146,Region 6,15600.0
1014,1015,id_1015,Product A,Male,Location 42,Region 4,22250.0
1015,1016,id_1016,Product C,NotSpecified,Location 235,Region 5,15600.0
1016,1017,id_1017,Product B,Male,Location 97,Region 5,16600.0
1017,1018,id_1018,Product B,Female,Location 658,Region 7,16600.0
1018,1019,id_1019,Product C,NotSpecified,Location 436,Region 3,15600.0
1019,1020,id_1020,Product E,Female,Location 30,Region 2,54625.0
1020,1021,id_1021,Product C,Female,Location 266,Region 6,
1021,1022,id_1022,Product C,NotSpecified,Location 337,Region 4,15600.0
1022,1023,id_1023,Product C,NotSpecified,Location 488,Region 1,15600.0
1023,1024,id_1024,Product B,Female,Location 26,Region 3,16600.0
1024,1025,id_1025,Product B,Male,Location 38,Region 3,16600.0
1025,1026,id_1026,Product C,Male,Location 203,Region 6,15600.0
1026,1027,id_1027,Product B,Male,Location 6,Region 1,16600.0
1027,1028,id_1028,Product D,Male,Location 265,Region 4,20250.0
1028,1029,id_1029,Product C,NotSpecified,Location 195,Region 5,15600.0
1029,1030,id_1030,Product A,Female,Location 67,Region 1,22250.0
1030,1031,id_1031,Product A,Female,Location 61,Region 2,22250.0
1031,1032,id_1032,Product D,Male,Location 617,Region 5,16600.0
1032,1033,id_1033,Product D,Male,Location 323,Region 7,20250.0
1033,1034,id_1034,Product E,Male,Location 25,Region 3,54625.0
1034,1035,id_1035,Product B,Female,Location 108,Region 6,16600.0
1035,1036,id_1036,Product D,Female,Location 350,Region 6,20250.0
1036,1037,id_1037,Product B,Male,Location 19,Region 2,16600.0
1037,1038,id_1038,Product B,Male,Location 53,Region 6,16600.0
1038,1039,id_1039,Product B,Female,Location 39,Region 6,16600.0
1039,1040,id_1040,Product B,Male,Location 50,Region 1,
1040,1041,id_1041,Product B,Male,Location 23,Region 4,16600.0
1041,1042,id_1042,Product C,NotSpecified,Location 52,Region 6,15600.0
1042,1043,id_1043,Product B,Female,Location 142,Region 6,16600.0
